{"WIDTH": 1500, "HEIGHT": 1500, "x_left": -1.0, "x_right": 1.0, "y_up": -1.0, "y_down": 1.0, "DEEP": 20, "roots": [[1.0, 0.0], [0.5000000000000001, 0.8660254037844386], [-0.49999999999999983, 0.8660254037844387], [-1.0, 1.2246467991473532e-16], [-0.5000000000000004, -0.8660254037844384], [1.0, -2.4492935982947064e-16]]}
