{"WIDTH": 1500, "HEIGHT": 1500, "x_left": -1.0, "x_right": 1.0, "y_up": -1.0, "y_down": 1.0, "DEEP": 10, "roots": [[1.0, 0.0], [0.6234898018587336, 0.7818314824680297], [-0.22252093395631434, 0.9749279121818236], [-0.900968867902419, 0.43388373911755823], [-0.9009688679024191, -0.433883739117558], [-0.2225209339563146, -0.9749279121818235]]}
