{"WIDTH": 1000, "HEIGHT": 1000, "x_left": -1.0, "x_right": 1.0, "y_up": -1.0, "y_down": 1.0, "DEEP": 2, "roots": [[1.0, 0.0], [0.8660254037844387, 0.49999999999999994], [-0.5000000000000004, -0.8660254037844384], [-0.7071067811865475, 0.7071067811865476]]}
