{"WIDTH": 1000, "HEIGHT": 1000, "x_left": -1.0, "x_right": 1.0, "y_up": -1.0, "y_down": 1.0, "DEEP": 10, "roots": [[1.0, 0.0], [0.0, 1.0], [-0.6427876096865393, 0.7660444431189781], [-0.5000000000000004, -0.8660254037844384]]}
